file_id,tipo,forma,año,autor/a,tema,keywords,path_original,Teoría de Juegos: Conceptos Fundamentales,Juegos Estáticos,Juegos Secuenciales,Información en Juegos,Conjuntos de Información,Representación de Juegos (Forma Extensiva y Normal),Equilibrios de Nash (EN),Estrategias Dominantes y Dominadas,Estrategias Mixtas,Equilibrio de Nash Mixto,Estrategias Iterativamente Dominadas,Equilibrio de Nash Perfecto en Subjuegos (ENPS),Subjuegos,Inducción Hacia Atrás,Juegos Repetidos (Finitos e Infinitos),Factor de Descuento (Delta),Estrategias Gatillo,Principio de Desviación de un Solo Período (One-Shot Deviation Principle),Folk Theorem,Juegos Bayesianos (Información Incompleta),Tipos y Creencias de Jugadores,Equilibrio de Nash Bayesiano,Información Verificable vs. No Verificable,Enfoque de Preferencias y Elección,Elección Racional,"Preferencias Racionales (Completitud, Transitividad)","Propiedades Adicionales de las Preferencias (Monotonía, Convexidad, Continuidad)",Función de Utilidad (Representación de Preferencias),Axioma Débil de la Preferencia Revelada (ADPR),Problema de Maximización de Utilidad (PMaxU),Conjunto Presupuestario,Demanda Marshalliana,Función de Utilidad Indirecta,Problema de Minimización del Gasto (PMinG),Demanda Hicksiana (Demanda Compensada),Relación entre Demandas Marshalliana y Hicksiana (Ecuación de Slutsky),"Evaluación de Cambios en el Bienestar (VC, VE, EC)",Decisiones bajo Incertidumbre,Loterías,"Axiomas de la Utilidad Esperada (Continuidad, Independencia)",Teoría de la Utilidad Esperada (von Neumann-Morgenstern),"Paradojas (Allais, Ellsberg, Machina)",Aversión al Riesgo,Medición de la Aversión al Riesgo (Coeficientes Arrow-Pratt),Dominancia Estocástica
0,Practico,solemne,2024,Adriana Piazza,"['Enfoque de Preferencias y Elección', 'Preferencias Racionales (Completitud, Transitividad)', 'Axioma Débil de la Preferencia Revelada (ADPR)', 'Problema de Maximización de Utilidad (PMaxU)', 'Conjunto Presupuestario', 'Problema de Minimización del Gasto (PMinG)', 'Demanda Marshalliana', 'Demanda Hicksiana (Demanda Compensada)', 'Función de Utilidad (Representación de Preferencias)']","['ADPR (Axioma Débil de la Preferencia Revelada)', 'Completa (preferencia)', 'Conjunto presupuestario (B)', 'Preferencia racional', 'PMaxU (Problema de Maximización de Utilidad)', 'PMinG (Problema de Minimización del Gasto)', 'Demanda Marshalliana', 'Demanda Hicksiana', 'Función de Utilidad', 'Transitividad (preferencia)', 'Examen']",./data/microeconomia/2024/Pautas/Pauta Solemne ME (2024-1).pdf,0,0,0,0,0,0,0,0,0,0,0,0,0,0,0,0,0,0,0,0,0,0,0,1,0,1,0,1,1,1,1,1,0,1,1,0,0,0,0,0,0,0,0,0,0
1,Practico,examen,2024,Adriana Piazza,"['Equilibrios de Nash (EN)', 'Estrategias Dominantes y Dominadas', 'Estrategias Mixtas', 'Equilibrio de Nash Mixto', 'Equilibrio de Nash Perfecto en Subjuegos (ENPS)', 'Subjuegos', 'Inducción Hacia Atrás', 'Árbol del juego']","['Árbol del juego', 'Estrategia dominante', 'Estrategia mixta', 'Estrategias dominadas', 'Equilibrio de Nash (EN)', 'Equilibrio de Nash en estrategias mixtas', 'Equilibrio de Nash Perfecto en Subjuegos (ENPS)', 'Inducción hacia atrás', 'Subjuego', 'Examen']",./data/microeconomia/2024/Pautas/Pauta Examen Micro I.pdf,0,0,0,0,0,0,1,1,1,1,0,1,1,1,0,0,0,0,0,0,0,0,0,0,0,0,0,0,0,0,0,0,0,0,0,0,0,0,0,0,0,0,0,0,0
2,Practico,tarea,2024,Adriana Piazza,"['Juegos Estáticos', 'Juegos Secuenciales', 'Representación de Juegos (Forma Extensiva y Normal)', 'Equilibrios de Nash (EN)', 'Equilibrio de Nash Perfecto en Subjuegos (ENPS)', 'Subjuegos', 'Inducción Hacia Atrás', 'Juegos Repetidos (Finitos e Infinitos)', 'Estrategias Gatillo']","['Árbol del juego', 'Equilibrio de Nash (EN)', 'Equilibrio de Nash Perfecto en Subjuegos (ENPS)', 'Estrategia mixta', 'Estrategia pura', 'Inducción hacia atrás', 'Juegos Repetidos', 'Matriz de pagos', 'Subjuego', 'Factor de descuento']",./data/microeconomia/2024/Tareas/Tarea 4.pdf,0,1,1,0,0,1,1,0,0,0,0,1,1,1,1,0,1,0,0,0,0,0,0,0,0,0,0,0,0,0,0,0,0,0,0,0,0,0,0,0,0,0,0,0,0
3,Practico,tarea,2024,Adriana Piazza,"['Conjunto presupuestario', 'Demanda Marshalliana', 'Demanda Hicksiana', 'Preferencias Racionales (Completitud, Transitividad)', 'Preferencia monótona', 'Preferencia continua', 'Preferencia convexa', 'Función de gasto', 'Función de Utilidad Indirecta', 'Elasticidad-precio', 'Elasticidad-renta', 'Bien normal', 'Bien inferior']","['Demanda Marshalliana', 'Demanda compensada', 'Demanda Hicksiana', 'Función de gasto', 'Función de utilidad indirecta', 'Preferencias convexas', 'Preferencias monótonas', 'Continuidad (preferencia/función)', 'Ecuación de Slutsky', 'Matriz de Slutsky', 'Bien normal', 'Bien inferior', 'Beca (condicional)', 'Conjunto presupuestario (B)', 'Agregación de Cournot', 'Agregación de Engel', 'Localmente no saciada (l.n.s.)', 'Función derivable']",./data/microeconomia/2024/Tareas/Tarea 2.pdf,0,0,0,0,0,0,0,0,0,0,0,0,0,0,0,0,0,0,0,0,0,0,0,0,0,1,0,0,0,0,0,1,1,0,0,0,0,0,0,0,0,0,0,0,0
4,Practico,tarea,2024,Adriana Piazza,"['Enfoque de Preferencias y Elección', 'Elección Racional', 'Preferencias Racionales (Completitud, Transitividad)', 'Función de Utilidad (Representación de Preferencias)', 'Axioma Débil de la Preferencia Revelada (ADPR)', 'Problema de Maximización de Utilidad (PMaxU)', 'Conjunto Presupuestario']","['ADPR (Axioma Débil de la Preferencia Revelada)', 'Completa (preferencia)', 'Conjunto presupuestario (B)', 'Preferencia racional', 'Transitividad (preferencia)', 'Función de utilidad', 'Problema de Maximización de Utilidad (PMaxU)', 'Elección racional', 'Preferencia completa', 'Conjunto de alternativas disponibles (X)', 'Monótona (preferencia/función)', 'Estrictamente monótonas', 'Localmente no saciada (l.n.s.)', 'Continua (preferencia/función)', 'Convexa (preferencia)', 'Contraejemplo']",./data/microeconomia/2024/Tareas/Tarea 1.pdf,0,0,0,0,0,0,0,0,0,0,0,0,0,0,0,0,0,0,0,0,0,0,0,1,1,1,0,1,1,1,1,0,0,0,0,0,0,0,0,0,0,0,0,0,0
5,Practico,tarea,2024,Adriana Piazza,"['Decisiones bajo Incertidumbre', 'Aversión al riesgo', 'Teoría de Juegos', 'Equilibrios de Nash (EN)', 'Estrategias Mixtas']","['Aversión al riesgo', 'Teoría de juegos', 'Equilibrio de Nash (EN)', 'Estrategia mixta', 'Utilidad esperada', 'Lotería', 'Función de utilidad']",./data/microeconomia/2024/Tareas/Tarea 3.pdf,0,0,0,0,0,0,1,0,1,0,0,0,0,0,0,0,0,0,0,0,0,0,0,0,0,0,0,0,0,0,0,0,0,0,0,0,0,1,0,0,0,0,0,0,0
6,Practico,tarea,2024,Adriana Piazza,"['Conjunto presupuestario', 'Demanda Marshalliana', 'Demanda Hicksiana', 'Preferencias Racionales (Completitud, Transitividad)', 'Función de Utilidad (Representación de Preferencias)', 'Elección Racional', 'Propiedades Adicionales de las Preferencias (Monotonía, Convexidad, Continuidad)', 'Problema de Maximización de Utilidad (PMaxU)', 'Problema de Minimización del Gasto (PMinG)', 'Función de Utilidad Indirecta', 'Elasticidad-precio', 'Elasticidad-renta']","['Bien normal', 'Bien inferior', 'Conjunto presupuestario (B)', 'Demanda Marshalliana', 'Demanda compensada', 'Demanda Hicksiana', 'Función de gasto', 'Función de utilidad', 'Función de utilidad indirecta', 'Preferencias convexas', 'Preferencias monótonas', 'Continua (preferencia/función)', 'Teorema de Weierstrass', 'Ecuación de Slutsky', 'Matriz de Slutsky', 'Bienes complementarios', 'Bienes sustitutos', 'Elección racional', 'Agregación de Cournot', 'Agregación de Engel', 'Fórmula de Euler', 'Preferencias homotéticas', 'Beca (condicional)']",./data/microeconomia/2024/Tareas/Tarea 2 Pauta.pdf,0,0,0,0,0,0,0,0,0,0,0,0,0,0,0,0,0,0,0,0,0,0,0,0,1,1,1,1,0,1,0,1,1,1,0,0,0,0,0,0,0,0,0,0,0
7,Teoria,clase,No encontrado,Adriana Piazza,"['Teoría de Juegos: Conceptos Fundamentales', 'Juegos Estáticos', 'Juegos Secuenciales', 'Información en Juegos', 'Conjuntos de Información', 'Representación de Juegos (Forma Extensiva y Normal)', 'Equilibrios de Nash (EN)', 'Estrategias Dominantes y Dominadas', 'Estrategias Mixtas', 'Equilibrio de Nash Mixto', 'Equilibrio de Nash Perfecto en Subjuegos (ENPS)', 'Subjuegos', 'Inducción Hacia Atrás', 'Juegos Repetidos (Finitos e Infinitos)', 'Juegos Bayesianos (Información Incompleta)', 'Equilibrio de Nash Bayesiano', 'Enfoque de Preferencias y Elección', 'Elección Racional', 'Preferencias Racionales (Completitud, Transitividad)', 'Función de Utilidad (Representación de Preferencias)', 'Problema de Maximización de Utilidad (PMaxU)', 'Conjunto Presupuestario', 'Demanda Marshalliana', 'Función de Utilidad Indirecta', 'Problema de Minimización del Gasto (PMinG)', 'Demanda Hicksiana (Demanda Compensada)', 'Relación entre Demandas Marshalliana y Hicksiana (Ecuación de Slutsky)', 'Evaluación de Cambios en el Bienestar (VC, VE, EC)', 'Decisiones bajo Incertidumbre', 'Loterías', 'Axiomas de la Utilidad Esperada (Continuidad, Independencia)', 'Teoría de la Utilidad Esperada (von Neumann-Morgenstern)', 'Paradojas (Allais, Ellsberg, Machina)', 'Aversión al Riesgo', 'Dominancia Estocástica']","['Árbol del juego', 'Aversión al riesgo', 'Conjunto de información', 'Conjunto presupuestario (B)', 'Continuidad (preferencia/función)', 'Demanda Marshalliana', 'Demanda Hicksiana', 'Ecuación de Slutsky', 'Elección racional', 'ENPS (Equilibrio de Nash Perfecto en Subjuegos)', 'Equilibrio de Nash (EN)', 'Equilibrio de Nash Bayesiano', 'Estrategia dominante', 'Estrategia mixta', 'Estrategias dominadas', 'Factor de descuento', 'Folk Theorem', 'Forma extensiva', 'Forma normal', 'Función de gasto', 'Función de utilidad', 'Función de utilidad indirecta', 'Juego Bayesiano', 'Juego estático', 'Juego repetido', 'Inducción hacia atrás', 'Información completa', 'Información incompleta', 'Lotería', 'Maximización de utilidad', 'Minimización del gasto', 'Paradoja de Allais', 'Preferencia', 'Problema de Maximización de Utilidad (PMaxU)', 'Problema de Minimización del Gasto (PMinG)', 'Subjuego', 'Teoría de juegos']",./data/microeconomia/2025/Micro I - Piazza (Otoño 2025).pdf,1,1,1,1,1,1,1,1,1,1,0,1,1,1,1,0,0,0,0,1,0,1,0,1,1,1,0,1,0,1,1,1,1,1,1,1,1,1,1,1,1,1,1,0,1
8,Teoria,ayudantia,No encontrado,No encontrado,"['Equilibrios de Nash (EN)', 'Estrategias Mixtas', 'Equilibrio de Nash Mixto']","['Equilibrio de Nash (EN)', 'Estrategia mixta', 'Matriz de pagos']",./data/microeconomia/2025/Ayudantías/A7_MicroIME (3).pdf,0,0,0,0,0,0,1,0,1,1,0,0,0,0,0,0,0,0,0,0,0,0,0,0,0,0,0,0,0,0,0,0,0,0,0,0,0,0,0,0,0,0,0,0,0
9,Teoria,ayudantia,No encontrado,No encontrado,"['Juegos Secuenciales', 'Equilibrios de Nash (EN)', 'Equilibrio de Nash Perfecto en Subjuegos (ENPS)', 'Subjuegos', 'Inducción Hacia Atrás']","['Árbol del juego', 'Equilibrio de Nash (EN)', 'Equilibrio de Nash Perfecto en Subjuegos (ENPS)', 'Inducción hacia atrás', 'Juego secuencial', 'Estrategia', 'Juego repetido', 'Nodos', 'Subjuego']",./data/microeconomia/2025/Ayudantías/A8_MicroIME.pdf,0,0,1,0,0,0,1,0,0,0,0,1,1,1,0,0,0,0,0,0,0,0,0,0,0,0,0,0,0,0,0,0,0,0,0,0,0,0,0,0,0,0,0,0,0
10,Practico,ayudantia,2025,Adriana Piazza,"['Función de Utilidad (Representación de Preferencias)', 'Problema de Minimización del Gasto (PMinG)', 'Demanda Hicksiana (Demanda Compensada)', 'Función de Gasto', 'Función de Utilidad Indirecta', 'Demanda Marshalliana', 'Relación entre Demandas Marshalliana y Hicksiana (Ecuación de Slutsky)', 'Preferencias Racionales (Completitud, Transitividad)', 'Propiedades Adicionales de las Preferencias (Monotonía, Convexidad, Continuidad)', 'Localmente no saciada (l.n.s.)']","['Función de utilidad', 'Demanda Hicksiana', 'Demanda Marshalliana', 'Función de gasto', 'Problema de Minimización del Gasto (PMinG)', 'Homogeneidad de grado cero', 'Homogeneidad de grado uno', 'Estrictamente creciente', 'No decreciente', 'Cóncava', 'Ecuación de Slutsky', 'Preferencias convexas', 'Preferencias estrictamente convexas', 'Localmente no saciada (l.n.s.)', 'Conjunto convexo', 'Singleton']",./data/microeconomia/2025/Ayudantías/A04_Micro_I_ME_v2 (1).pdf,0,0,0,0,0,0,0,0,0,0,0,0,0,0,0,0,0,0,0,0,0,0,0,0,0,1,1,1,0,0,0,1,1,1,1,1,0,0,0,0,0,0,0,0,0
11,Teoria,ayudantia,No encontrado,No encontrado,"['Conjunto presupuestario', 'Demanda Marshalliana', 'Función de Utilidad Indirecta', 'Propiedades Adicionales de las Preferencias (Monotonía, Convexidad, Continuidad)', 'Función de Utilidad (Representación de Preferencias)', 'Elección Racional', 'Preferencias Racionales (Completitud, Transitividad)', 'Ley de Walras']","['Compacto (conjunto)', 'Conjunto presupuestario (B)', 'Convexa (preferencia)', 'Convexo (conjunto)', 'Continua (preferencia/función)', 'Demanda Marshalliana', 'Función de Utilidad Indirecta', 'Ley de Walras', 'Maximización de utilidad', 'PMaxU (Problema de Maximización de Utilidad)', 'Preferencia completa', 'Preferencia continua', 'Preferencia racional', 'Teorema de Weierstrass', 'Utilidad']",./data/microeconomia/2025/Ayudantías/A03_Micro_I_ME_pauta.pdf,0,0,0,0,0,0,0,0,0,0,0,0,0,0,0,0,0,0,0,0,0,0,0,0,1,1,1,1,0,0,0,1,1,0,0,0,0,0,0,0,0,0,0,0,0
12,Teoria,ayudantia,No encontrado,No encontrado,"['Teoría de Juegos: Conceptos Fundamentales', 'Juegos Secuenciales', 'Representación de Juegos (Forma Extensiva y Normal)', 'Equilibrios de Nash (EN)', 'Estrategias Dominantes y Dominadas', 'Estrategias Mixtas', 'Equilibrio de Nash Mixto', 'Equilibrio de Nash Perfecto en Subjuegos (ENPS)', 'Subjuegos', 'Inducción Hacia Atrás', 'Juegos Repetidos (Finitos e Infinitos)', 'Información en Juegos', 'Conjuntos de Información']","['Árbol del juego', 'Equilibrio de Nash (EN)', 'Equilibrio de Nash en estrategias mixtas', 'Estrategia dominante', 'Estrategias dominadas', 'Inducción hacia atrás', 'Juego repetido', 'Juego simultáneo', 'Juego estratégico', 'Jugadores', 'Matriz de pagos', 'ENPS (Equilibrio de Nash Perfecto en Subjuegos)', 'Subjuego', 'Forma extensiva', 'Forma normal', 'Estrategia mixta', 'Estrategia pura', 'Pagos', 'Pagos esperados']",./data/microeconomia/2025/Ayudantías/Enunciado_A9 (1).pdf,1,0,1,1,1,1,1,1,1,1,0,1,1,1,1,0,0,0,0,0,0,0,0,0,0,0,0,0,0,0,0,0,0,0,0,0,0,0,0,0,0,0,0,0,0
13,Practico,ayudantia,2025,Adriana Piazza,"['Preferencias Racionales (Completitud, Transitividad)', 'Propiedades Adicionales de las Preferencias (Monotonía, Convexidad, Continuidad)', 'Función de Utilidad (Representación de Preferencias)']","['Completa (preferencia)', 'Convexa (preferencia)', 'Convexa (función)', 'Cuasicóncava', 'Función de utilidad', 'Localmente no saciada (l.n.s.)', 'Monótona (preferencia/función)', 'Preferencia', 'Preferencia racional', 'Transitividad (preferencia)']",./data/microeconomia/2025/Ayudantías/A02_Micro_I_ME_pauta.pdf,0,0,0,0,0,0,0,0,0,0,0,0,0,0,0,0,0,0,0,0,0,0,0,0,0,1,1,1,0,0,0,0,0,0,0,0,0,0,0,0,0,0,0,0,0
14,Practico,ayudantia,2025,Adriana Piazza,"['Axioma Débil de la Preferencia Revelada (ADPR)', 'Enfoque de Preferencias y Elección', 'Preferencias Racionales (Completitud, Transitividad)']","['ADPR (Axioma Débil de la Preferencia Revelada)', 'Completa (preferencia)', 'Conjunto de alternativas disponibles (X)', 'Conjunto presupuestario (B)', 'Elección racional', 'Preferencia racional', 'Preferencia completa', 'Transitividad (preferencia)', 'Examen', 'Solemne']",./data/microeconomia/2025/Ayudantías/A01_Micro_I_ME_pauta_v3.pdf,0,0,0,0,0,0,0,0,0,0,0,0,0,0,0,0,0,0,0,0,0,0,0,1,0,1,0,0,1,0,0,0,0,0,0,0,0,0,0,0,0,0,0,0,0
15,Teoria,ayudantia,No encontrado,No encontrado,"['Juegos Repetidos (Finitos e Infinitos)', 'Estrategias Gatillo', 'Equilibrios de Nash (EN)', 'Equilibrio de Nash Perfecto en Subjuegos (ENPS)', 'Subjuegos', 'Inducción Hacia Atrás', 'Folk Theorem']","['Estrategia gatillo', 'Equilibrio de Nash Perfecto en Subjuegos (ENPS)', 'Folk Theorem', 'Juego repetido', 'Subjuego', 'Inducción hacia atrás', 'Equilibrio de Nash (EN)']",./data/microeconomia/2025/Ayudantías/A11.pdf,0,0,0,0,0,0,1,0,0,0,0,1,1,1,1,0,1,0,1,0,0,0,0,0,0,0,0,0,0,0,0,0,0,0,0,0,0,0,0,0,0,0,0,0,0
16,Teoria,clase,2025,Adriana Piazza,"['Enfoque de Preferencias y Elección', 'Elección Racional', 'Preferencias Racionales (Completitud, Transitividad)', 'Propiedades Adicionales de las Preferencias (Monotonía, Convexidad, Continuidad)', 'Función de Utilidad (Representación de Preferencias)', 'Problema de Maximización de Utilidad (PMaxU)', 'Conjunto Presupuestario', 'Demanda Marshalliana', 'Función de Utilidad Indirecta', 'Problema de Minimización del Gasto (PMinG)', 'Demanda Hicksiana (Demanda Compensada)', 'Relación entre Demandas Marshalliana y Hicksiana (Ecuación de Slutsky)', 'Evaluación de Cambios en el Bienestar (VC, VE, EC)']","['Conjunto de alternativas disponibles (X)', 'Preferencia', 'Preferencia completa', 'Preferencia continua', 'Preferencia monótona', 'Preferencia racional', 'Fuertemente monótona', 'Localmente no saciada (l.n.s.)', 'Conjunto contorno inferior', 'Conjunto contorno superior', 'Conjunto indiferente', 'Convexa (preferencia)', 'Estrictamente convexa (preferencia)', 'Homotética (preferencia/función)', 'Cuasicóncava', 'Continuidad (preferencia/función)', 'Función de utilidad', 'Función de utilidad continua', 'Estrictamente cuasicóncava', 'Problema de optimización', 'Conjunto presupuestario (B)', 'Demanda Marshalliana', 'Función de Utilidad Indirecta', 'Problema de Minimización del Gasto (PMinG)', 'Demanda Hicksiana', 'Ecuación de Slutsky', 'Teorema de Weierstrass', 'Ley de Walras', 'Compacto (conjunto)', 'Convexo (conjunto)', 'Descuento por volumen', 'Función de gasto', 'Compensación de Hicks', 'Compensación de Slutsky', 'Variación compensatoria (VC)', 'Variación equivalente (VE)', 'Excedente del consumidor (EC)', 'Ley de la demanda diferencial', 'Sustituto neto', 'Complementario neto', 'Matriz de Slutsky', 'Matriz de sustitución de Slutsky', 'Identidad de Roy', 'Monótona (preferencia/función)', 'Completa (preferencia)', 'Racional (preferencia)', 'Cóncava (función)', 'Convexa (función)', 'Derivables (función)', 'Continua (preferencia/función)', 'ADPR (Axioma Débil de la Preferencia Revelada)', 'Elección racional']",./data/microeconomia/2025/Clases/Cap. 3 - Teoría de la Demanda.pdf,0,0,0,0,0,0,0,0,0,0,0,0,0,0,0,0,0,0,0,0,0,0,0,1,1,1,1,1,0,1,1,1,1,1,1,1,1,0,0,0,0,0,0,0,0
17,Teoria,clase,2025,Adriana Piazza,"['Juegos Secuenciales', 'Información en Juegos', 'Conjuntos de Información', 'Representación de Juegos (Forma Extensiva y Normal)', 'Equilibrios de Nash (EN)', 'Equilibrio de Nash Perfecto en Subjuegos (ENPS)', 'Subjuegos', 'Inducción Hacia Atrás', 'Juegos Repetidos (Finitos e Infinitos)', 'Factor de Descuento (Delta)', 'Estrategias Gatillo', 'Principio de Desviación de un Solo Período (One-Shot Deviation Principle)', 'Folk Theorem']","['Árbol del juego', 'Equilibrio de Nash (EN)', 'Equilibrio de Nash Perfecto en Subjuegos (ENPS)', 'Inducción hacia atrás', 'Juegos repetidos', 'Factor de descuento', 'Estrategia gatillo', 'One-shot deviation principle', 'Folk Theorem', 'Forma extensiva', 'Forma normal', 'Conjunto de información', 'Subjuego', 'Estrategia dominante', 'Estrategias dominadas', 'Estrategia mixta', 'Estrategia pura', 'Juego estático', 'Juego dinámico']",./data/microeconomia/2025/Clases/2 - Juegos Secuenciales.pdf,0,0,1,1,1,1,1,0,0,0,0,1,1,1,1,1,1,1,1,0,0,0,0,0,0,0,0,0,0,0,0,0,0,0,0,0,0,0,0,0,0,0,0,0,0
18,Teoria,clase,2025,Adriana Piazza,"['Enfoque de Preferencias y Elección', 'Elección Racional', 'Preferencias Racionales (Completitud, Transitividad)', 'Función de Utilidad (Representación de Preferencias)', 'Axioma Débil de la Preferencia Revelada (ADPR)', 'Problema de Maximización de Utilidad (PMaxU)']","['Elección racional', 'Preferencias', 'Preferencias Racionales', 'Completitud (preferencia)', 'Transitividad (preferencia)', 'Conjunto de alternativas disponibles (X)', 'Regla de elección', 'Axioma Débil de la Preferencia Revelada (ADPR)', 'Problema de Maximización de Utilidad (PMaxU)', 'Framing']",./data/microeconomia/2025/Clases/Cap. 1 - Preferencias y Elección.pdf,0,0,0,0,0,0,0,0,0,0,0,0,0,0,0,0,0,0,0,0,0,0,0,1,1,1,0,1,1,1,0,0,0,0,0,0,0,0,0,0,0,0,0,0,0
19,Teoria,clase,2025,Adriana Piazza,"['Juegos Estáticos', 'Estrategias Dominantes y Dominadas', 'Equilibrios de Nash (EN)', 'Estrategias Mixtas', 'Equilibrio de Nash Mixto', 'Estrategias Iterativamente Dominadas', 'Subjuegos', 'Juegos Repetidos (Finitos e Infinitos)', 'Información en Juegos', 'Conjuntos de Información', 'Información completa', 'Información incompleta']","['Estrategia dominante', 'Estrategias dominadas', 'Equilibrio de Nash (EN)', 'Equilibrio de Nash en estrategias mixtas', 'Estrategia mixta', 'Juego estático', 'Dilema del prisionero', 'Conocimiento común', 'Información completa', 'Información incompleta', 'Subjuego', 'Dominancia estricta iterada', 'Correspondencia de mejor respuesta']",./data/microeconomia/2025/Clases/1 - Juegos Estáticos.pdf,0,1,0,1,1,0,1,1,1,1,1,0,1,0,1,0,0,0,0,0,0,0,0,0,0,0,0,0,0,0,0,0,0,0,0,0,0,0,0,0,0,0,0,0,0
20,Teoria,desconocido,No encontrado,No encontrado,[],[],./data/microeconomia/2021/Resumen Teoría de Juegos de la Vale_.pdf,0,0,0,0,0,0,0,0,0,0,0,0,0,0,0,0,0,0,0,0,0,0,0,0,0,0,0,0,0,0,0,0,0,0,0,0,0,0,0,0,0,0,0,0,0
21,Practico,ayudantia,2021,Adriana Piazza,[],"['Función de producción', 'Costo promedio (AC)', 'Minimización de costos', 'Maximización de beneficios', 'Cobb-Douglas', 'Leontief', 'Retornos constantes a escala', 'Convexo (conjunto)', 'Convexa (función)', 'Cóncava (función)']",./data/microeconomia/2021/Ayudantías/A4_PAUTA.pdf,0,0,0,0,0,0,0,0,0,0,0,0,0,0,0,0,0,0,0,0,0,0,0,0,0,0,0,0,0,0,0,0,0,0,0,0,0,0,0,0,0,0,0,0,0
22,Practico,ayudantia,2021,"JORGE ARENAS, KEVIN SEPÚLVEDA, ALBERTO UNDURRAGA","['Axioma Débil de la Preferencia Revelada (ADPR)', 'Problema de Maximización de Utilidad (PMaxU)', 'Conjunto Presupuestario', 'Demanda Marshalliana', 'Función de Utilidad Indirecta', 'Problema de Minimización del Gasto (PMinG)', 'Demanda Hicksiana (Demanda Compensada)', 'Relación entre Demandas Marshalliana y Hicksiana (Ecuación de Slutsky)', 'Preferencias Racionales (Completitud, Transitividad)', 'Propiedades Adicionales de las Preferencias (Monotonía, Convexidad, Continuidad)', 'Función de Utilidad (Representación de Preferencias)', 'Elección Racional']","['ADPR (Axioma Débil de la Preferencia Revelada)', 'Conjunto presupuestario (B)', 'Demanda Marshalliana', 'Ley de Walras', 'Homogeneidad de grado 0', 'Homogeneidad de grado 1', 'Ecuación de Slutsky', 'Convexo (conjunto)', 'Continua (preferencia/función)', 'Preferencia racional', 'Completa (preferencia)', 'Transitividad (preferencia)', 'Estrictamente convexa (preferencia)', 'Fuertemente monótona', 'PMaxU (Problema de Maximización de Utilidad)', 'PMinG (Problema de Minimización del Gasto)', 'Estructura de elección']",./data/microeconomia/2021/Ayudantías/A1_PAUTA.pdf,0,0,0,0,0,0,0,0,0,0,0,0,0,0,0,0,0,0,0,0,0,0,0,0,1,1,1,1,1,1,1,1,1,1,1,1,0,0,0,0,0,0,0,0,0
23,Practico,ayudantia,2021,Adriana Piazza,"['Enfoque de Preferencias y Elección', 'Elección Racional', 'Preferencias Racionales (Completitud, Transitividad)', 'Función de Utilidad (Representación de Preferencias)', 'Problema de Maximización de Utilidad (PMaxU)', 'Conjunto Presupuestario', 'Demanda Marshalliana', 'Demanda Hicksiana (Demanda Compensada)', 'Decisiones bajo Incertidumbre', 'Loterías', 'Aversión al Riesgo']","['Conjunto presupuestario (B)', 'Demanda Marshalliana', 'Demanda Hicksiana', 'Aversión al riesgo', 'Lotería', 'Maximización de utilidad', 'Función de utilidad', 'Convexa (preferencia)', 'Localmente no saciada (l.n.s.)', 'Elección racional', 'PMaxU (Problema de Maximización de Utilidad)', 'PMinG (Problema de Minimización del Gasto)', 'Activo riesgoso', 'Activo seguro', 'Rendimientos esperados netos']",./data/microeconomia/2021/Ayudantías/A5.1_Micro1.pdf,0,0,0,0,0,0,0,0,0,0,0,0,0,0,0,0,0,0,0,0,0,0,0,1,1,1,0,1,0,1,1,1,0,0,1,0,0,1,1,0,0,0,1,0,0
24,Practico,ayudantia,2021,Adriana Piazza,"['Equilibrios de Nash (EN)', 'Equilibrio de Nash Perfecto en Subjuegos (ENPS)', 'Subjuegos', 'Estrategias Mixtas', 'Representación de Juegos (Forma Extensiva y Normal)']","['Equilibrio de Nash (EN)', 'Equilibrio de Nash Perfecto en Subjuegos (ENPS)', 'Subjuego', 'Estrategia mixta', 'Estrategia pura', 'Forma extensiva', 'Forma estratégica', 'Matriz de pagos', 'Árbol del juego']",./data/microeconomia/2021/Ayudantías/A8_PAUTA.pdf,0,0,0,0,0,1,1,0,1,0,0,1,1,0,0,0,0,0,0,0,0,0,0,0,0,0,0,0,0,0,0,0,0,0,0,0,0,0,0,0,0,0,0,0,0
25,Practico,ayudantia,2021,Adriana Piazza,"['Juegos Repetidos (Finitos e Infinitos)', 'Factor de Descuento (Delta)', 'Equilibrios de Nash (EN)', 'Equilibrio de Nash Perfecto en Subjuegos (ENPS)', 'Subjuegos', 'Inducción Hacia Atrás']","['ENPS (Equilibrio de Nash Perfecto en Subjuegos)', 'Equilibrio de Nash (EN)', 'Factor de descuento', 'Inducción hacia atrás', 'Subjuego', 'Árbol del juego', 'Estrategia dominante', 'Estrategias dominadas']",./data/microeconomia/2021/Ayudantías/A9_PAUTA.pdf,0,0,0,0,0,0,1,0,0,0,0,1,1,1,1,1,0,0,0,0,0,0,0,0,0,0,0,0,0,0,0,0,0,0,0,0,0,0,0,0,0,0,0,0,0
26,Practico,ayudantia,2021,Adriana Piazza,"['Enfoque de Preferencias y Elección', 'Preferencias Racionales (Completitud, Transitividad)', 'Función de Utilidad (Representación de Preferencias)', 'Demanda Marshalliana', 'Demanda Hicksiana (Demanda Compensada)', 'Relación entre Demandas Marshalliana y Hicksiana (Ecuación de Slutsky)', 'Evaluación de Cambios en el Bienestar (VC, VE, EC)']","['Homotética (preferencia/función)', 'Completa (preferencia)', 'Continua (preferencia/función)', 'Monótona (preferencia/función)', 'Débilmente monótona', 'Convexa (preferencia)', 'Estrictamente convexa (preferencia)', 'Función de utilidad', 'Función de utilidad indirecta', 'Demanda Marshalliana', 'Demanda Hicksiana', 'Ecuación de Slutsky', 'Elasticidad de sustitución']",./data/microeconomia/2021/Ayudantías/A3_PAUTA.pdf,0,0,0,0,0,0,0,0,0,0,0,0,0,0,0,0,0,0,0,0,0,0,0,1,0,1,0,1,0,0,0,1,0,0,1,1,1,0,0,0,0,0,0,0,0
27,Practico,ayudantia,2021,Adriana Piazza,"['Juegos Bayesianos (Información Incompleta)', 'Equilibrio de Nash Bayesiano']","['Equilibrio de Nash Bayesiano', 'Juego Bayesiano', 'Información incompleta', 'Información privada']",./data/microeconomia/2021/Ayudantías/A10_PAUTA.pdf,0,0,0,0,0,0,0,0,0,0,0,0,0,0,0,0,0,0,0,1,0,1,0,0,0,0,0,0,0,0,0,0,0,0,0,0,0,0,0,0,0,0,0,0,0
28,Practico,ayudantia,2021,Adriana Piazza,"['Función de Utilidad (Representación de Preferencias)', 'Problema de Maximización de Utilidad (PMaxU)', 'Demanda Marshalliana']","['Función de utilidad', 'Problema de Maximización de Utilidad (PMaxU)', 'Demanda Marshalliana', 'Completa (preferencia)', 'Continua (preferencia/función)', 'Convexa (preferencia)', 'Cuasicóncava', 'Diferenciable (función)', 'Elección racional', 'Maximización de utilidad', 'Conjunto presupuestario (B)', 'Preferencia', 'Preferencia completa', 'Preferencia continua', 'Preferencia racional']",./data/microeconomia/2021/Ayudantías/A2_PAUTA.pdf,0,0,0,0,0,0,0,0,0,0,0,0,0,0,0,0,0,0,0,0,0,0,0,0,0,0,0,1,0,1,0,1,0,0,0,0,0,0,0,0,0,0,0,0,0
29,Practico,ayudantia,2021,Adriana Piazza,"['Aversión al Riesgo', 'Función de Utilidad', 'Teoría de la Utilidad Esperada (von Neumann-Morgenstern)', 'Elección Racional', 'Decisiones bajo Incertidumbre', 'Loterías']","['Función de Utilidad Bernoulli', 'Aversión al riesgo', 'Lotería', 'Elección racional', 'Maximización de beneficios esperados', 'Convexa (función)', 'Cóncava (función)', 'Función de utilidad cuadrática', 'Incertidumbre', 'Beneficio máximo', 'Estrategia dominante']",./data/microeconomia/2021/Ayudantías/A6_PAUTA.pdf,0,0,0,0,0,0,0,0,0,0,0,0,0,0,0,0,0,0,0,0,0,0,0,0,1,0,0,0,0,0,0,0,0,0,0,0,0,1,1,0,1,0,1,0,0
30,Practico,ayudantia,2021,Adriana Piazza,"['Equilibrios de Nash (EN)', 'Estrategias Mixtas', 'Equilibrio de Nash Mixto', 'Estrategias Iterativamente Dominadas', 'Estrategias Dominantes y Dominadas']","['Equilibrio de Nash (EN)', 'Estrategia mixta', 'Estrategias dominadas', 'Estrategias estrictamente dominadas']",./data/microeconomia/2021/Ayudantías/A7_PAUTA.pdf,0,0,0,0,0,0,1,1,1,1,1,0,0,0,0,0,0,0,0,0,0,0,0,0,0,0,0,0,0,0,0,0,0,0,0,0,0,0,0,0,0,0,0,0,0
31,Practico,tarea,2021,Adriana Piazza,"['Equilibrios de Nash (EN)', 'Estrategias Mixtas', 'Equilibrio de Nash Mixto', 'Subjuegos', 'Inducción Hacia Atrás', 'Juegos Repetidos (Finitos e Infinitos)', 'Equilibrio de Nash Perfecto en Subjuegos (ENPS)', 'Representación de Juegos (Forma Extensiva y Normal)']","['Árbol del juego', 'Equilibrio de Nash (EN)', 'Equilibrio de Nash en estrategias mixtas', 'Equilibrio de Nash en estrategias puras', 'Equilibrio Perfecto en Subjuegos (EPS)', 'ENPS (Equilibrio de Nash Perfecto en Subjuegos)', 'Estrategia dominante', 'Estrategias dominadas', 'Estrategia mixta', 'Estrategia pura', 'Inducción hacia atrás', 'Juego repetido', 'Forma extensiva', 'Forma normal', 'Matriz de pagos', 'Conjunto de información']",./data/microeconomia/2021/Tareas/Tarea 4.pdf,0,0,0,0,0,1,1,0,1,1,0,1,1,1,1,0,0,0,0,0,0,0,0,0,0,0,0,0,0,0,0,0,0,0,0,0,0,0,0,0,0,0,0,0,0
32,Practico,tarea,2021,Adriana Piazza,"['Conjunto presupuestario', 'Demanda Marshalliana', 'Función de Utilidad', 'Función de Utilidad Indirecta', 'Demanda Hicksiana', 'Función de gasto', 'Elección Racional', 'Preferencias Racionales (Completitud, Transitividad)', 'Propiedades Adicionales de las Preferencias (Monotonía, Convexidad, Continuidad)']","['Curva de indiferencia', 'Función de utilidad', 'Estrictamente cóncava', 'Estrictamente convexa', 'Demanda Walrasiana', 'Curvas de Engel', 'Demanda Hicksiana', 'Preferencias estrictamente convexas', 'Estrictamente monótonas', 'Bien normal', 'Preferencias homotéticas', 'Punto de no diferenciabilidad', 'Convexidad', 'Monotonocidad', 'Demanda Marshalliana', 'Función de utilidad indirecta', 'Función de gasto', 'Matriz de Slutsky', 'Semi de definida negativa', 'Simétrica (matriz)', 'Quasi-lineal', 'Variación compensatoria (VC)', 'Variación equivalente (VE)']",./data/microeconomia/2021/Tareas/Tarea 2.pdf,0,0,0,0,0,0,0,0,0,0,0,0,0,0,0,0,0,0,0,0,0,0,0,0,1,1,1,0,0,0,0,1,1,0,0,0,0,0,0,0,0,0,0,0,0
33,Practico,tarea,2021,Adriana Piazza,"['Enfoque de Preferencias y Elección', 'Preferencias Racionales (Completitud, Transitividad)', 'Función de Utilidad (Representación de Preferencias)', 'Demanda Marshalliana', 'Problema de Maximización de Utilidad (PMaxU)', 'Conjunto Presupuestario']","['Completa (preferencia)', 'Transitividad (preferencia)', 'Localmente no saciada (l.n.s.)', 'Convexa (preferencia)', 'Función de utilidad', 'Demanda Marshalliana', 'Problema de Maximización de Utilidad (PMaxU)', 'Conjunto presupuestario (B)', 'Agregación de Cournot', 'Agregación de Engel', 'Elasticidad-precio', 'Elasticidad-renta', 'Matriz de Slutsky', 'Función de utilidad Cobb-Douglas']",./data/microeconomia/2021/Tareas/Tarea 1.pdf,0,0,0,0,0,0,0,0,0,0,0,0,0,0,0,0,0,0,0,0,0,0,0,1,0,1,0,1,0,1,1,1,0,0,0,0,0,0,0,0,0,0,0,0,0
34,Practico,tarea,2021,Adriana Piazza,"['Conjunto de posibilidades de producción (Y)', 'Problema de minimización del gasto (PMinG)', 'Maximización de beneficios']","['Minimización del gasto', 'Función de beneficio', 'Beneficio máximo', 'Conjunto de posibilidades de producción (Y)', 'Rendimientos crecientes a escala', 'Rendimientos decrecientes a escala', 'Convexidad', 'Aditividad', 'Lema de Hotelling', 'Costo mínimo', 'Débilmente eficiente', 'Maximizador de utilidades']",./data/microeconomia/2021/Tareas/Tarea 3.pdf,0,0,0,0,0,0,0,0,0,0,0,0,0,0,0,0,0,0,0,0,0,0,0,0,0,0,0,0,0,0,0,0,0,0,0,0,0,0,0,0,0,0,0,0,0
35,Practico,examen,2021,Adriana Piazza,"['Equilibrios de Nash (EN)', 'Estrategias Dominantes y Dominadas', 'Estrategias Mixtas', 'Equilibrio de Nash Mixto', 'Equilibrio de Nash Perfecto en Subjuegos (ENPS)', 'Subjuegos', 'Inducción Hacia Atrás', 'Función de Utilidad (Representación de Preferencias)', 'Aversión al Riesgo', 'Representación de Juegos (Forma Extensiva y Normal)']","['Estrategia dominante', 'Estrategias dominadas', 'Equilibrio de Nash (EN)', 'Equilibrio de Nash en estrategias mixtas', 'Equilibrio de Nash Perfecto en Subjuegos (ENPS)', 'Inducción hacia atrás', 'Forma extensiva', 'Forma normal', 'Estrictamente cóncava', 'Estrictamente convexa', 'Función de utilidad', 'Función de utilidad Cobb-Douglas', 'Aversión absoluta al riesgo', 'Aversión relativa al riesgo', 'Árbol del juego', 'Subjuego', 'Contraejemplo', 'Cóncava (función)', 'Conjunto contorno superior', 'Conjunto presupuestario', 'Estrategia mixta', 'Estrategia pura', 'Matriz de pagos', 'Subasta']",./data/microeconomia/2021/Examen/Pauta_Examen___Microeconomia_I__Oto_o_2021_.pdf,0,0,0,0,0,1,1,1,1,1,0,1,1,1,0,0,0,0,0,0,0,0,0,0,0,0,0,1,0,0,0,0,0,0,0,0,0,0,0,0,0,0,1,0,0
36,Practico,solemne,2021,Adriana Piazza,"['Conjunto presupuestario', 'Preferencias Racionales', 'Preferencias continuas', 'Localmente no saciada (l.n.s.)', 'Convexa (preferencia)', 'Función de Utilidad', 'Demanda Marshalliana', 'Curva de indiferencia', 'Elección racional', 'Función de utilidad indirecta', 'Matriz de Slutsky']","['Conjunto presupuestario (B)', 'Completa (preferencia)', 'Continua (preferencia/función)', 'Localmente no saciada (l.n.s.)', 'Convexa (preferencia)', 'Demanda Marshalliana', 'Curva de indiferencia', 'Elección racional', 'Función de utilidad indirecta', 'Matriz de Slutsky', 'Derivadas continuas', 'Homogeneidad de grado -1', 'Cuasiconvexa', 'Identidad de Roy', 'Curva de Engel', 'Función de producción', 'Minimización de costos', 'Condiciones de optimalidad', 'Función de producci´on de Leontief', 'Costo promedio (AC)', 'Lotería', 'Función de utilidad', 'Independencia', 'Examen', 'Solemne']",./data/microeconomia/2021/Solemne/PAUTA_PUNTAJE_Solemne_Micro I.pdf,0,0,0,0,0,0,0,0,0,0,0,0,0,0,0,0,0,0,0,0,0,0,0,0,0,0,0,0,0,0,0,1,0,0,0,0,0,0,0,0,0,0,0,0,0
37,Practico,tarea,2019,No encontrado,"['Conjunto presupuestario', 'Demanda Marshalliana', 'Función de Utilidad', 'Preferencias Racionales (Completitud, Transitividad)', 'Propiedades Adicionales de las Preferencias (Monotonía, Convexidad, Continuidad)', 'Problema de Maximización de Utilidad (PMaxU)', 'Demanda Walrasiana']","['Completa (preferencia)', 'Convexa (preferencia)', 'Continua (preferencia/función)', 'Conjunto presupuestario (B)', 'Demanda Marshalliana', 'Demanda Walrasiana', 'Función de Utilidad', 'Localmente no saciada (l.n.s.)', 'Monótona (preferencia/función)', 'Preferencias Racionales (Completitud, Transitividad)', 'Problema de Maximización de Utilidad (PMaxU)', 'ADPR (Axioma Débil de la Preferencia Revelada)', 'Lexicográfica (preferencia)']",./data/microeconomia/2019/2019-04-1520192150ENECO610_Tarea1.pdf,0,0,0,0,0,0,0,0,0,0,0,0,0,0,0,0,0,0,0,0,0,0,0,0,0,1,1,0,0,1,0,1,0,0,0,0,0,0,0,0,0,0,0,0,0
38,Teoria,solemne,No encontrado,No encontrado,[],[],./data/microeconomia/2019/2019-06-042019160ENECO610_PautaSolemne.pdf,0,0,0,0,0,0,0,0,0,0,0,0,0,0,0,0,0,0,0,0,0,0,0,0,0,0,0,0,0,0,0,0,0,0,0,0,0,0,0,0,0,0,0,0,0
39,Teoria,tarea,No encontrado,No encontrado,[],[],./data/microeconomia/2019/2019-07-0420191631ENECO610_PautaTareaIII.pdf,0,0,0,0,0,0,0,0,0,0,0,0,0,0,0,0,0,0,0,0,0,0,0,0,0,0,0,0,0,0,0,0,0,0,0,0,0,0,0,0,0,0,0,0,0
40,Teoria,examen,No encontrado,No encontrado,[],[],./data/microeconomia/2019/ENECO610_PautaExamen.pdf,0,0,0,0,0,0,0,0,0,0,0,0,0,0,0,0,0,0,0,0,0,0,0,0,0,0,0,0,0,0,0,0,0,0,0,0,0,0,0,0,0,0,0,0,0
41,Practico,tarea,2019,Felipe Avilés,"['Teoría de Juegos: Conceptos Fundamentales', 'Representación de Juegos (Forma Extensiva y Normal)', 'Equilibrios de Nash (EN)', 'Estrategias Dominantes y Dominadas', 'Estrategias Mixtas', 'Equilibrio de Nash Mixto', 'Juegos Bayesianos (Información Incompleta)', 'Equilibrio de Nash Bayesiano', 'Información Verificable vs. No Verificable']","['Equilibrio de Nash (EN)', 'Estrategias dominadas', 'Estrategia mixta', 'Juego Bayesiano', 'Equilibrio de Nash Bayesiano']",./data/microeconomia/2019/2019-06-172019933ENECO610_Tarea3.pdf,1,0,0,0,0,1,1,1,1,1,0,0,0,0,0,0,0,0,0,1,0,1,1,0,0,0,0,0,0,0,0,0,0,0,0,0,0,0,0,0,0,0,0,0,0
42,Teoria,desconocido,No encontrado,No encontrado,[],[],./data/microeconomia/2019/2019-05-0620191045ENECO610_Pauta_GuiaI_Ej14.pdf,0,0,0,0,0,0,0,0,0,0,0,0,0,0,0,0,0,0,0,0,0,0,0,0,0,0,0,0,0,0,0,0,0,0,0,0,0,0,0,0,0,0,0,0,0
43,Teoria,ayudantia,No encontrado,No encontrado,[],[],./data/microeconomia/2019/2019-05-0620191045ENECO610_Pauta_GuiaI.pdf,0,0,0,0,0,0,0,0,0,0,0,0,0,0,0,0,0,0,0,0,0,0,0,0,0,0,0,0,0,0,0,0,0,0,0,0,0,0,0,0,0,0,0,0,0
44,Practico,tarea,2019,No encontrado,"['Función de Utilidad (Representación de Preferencias)', 'Demanda Marshalliana', 'Demanda Hicksiana (Demanda Compensada)', 'Demanda Walrasiana', 'Función de Utilidad Indirecta', 'Problema de Minimización del Gasto (PMinG)', 'Evaluación de Cambios en el Bienestar (VC, VE, EC)', 'Problema de Maximización de Utilidad (PMaxU)', 'Conjunto Presupuestario']","['Función de gasto', 'Demanda Hicksiana', 'Demanda walrasiana', 'Excedente del consumidor (EC)', 'Problema de maximización de utilidad', 'Impuestos', 'Variación compensatoria (VC)', 'Variación equivalente (VE)', 'Función de utilidad indirecta', 'Función de utilidad Stone-Geary']",./data/microeconomia/2019/2019-05-1220192259ENECO610_Tarea2.pdf,0,0,0,0,0,0,0,0,0,0,0,0,0,0,0,0,0,0,0,0,0,0,0,0,0,0,0,1,0,1,1,1,1,1,1,0,1,0,0,0,0,0,0,0,0
45,Teoria,examen,No encontrado,No encontrado,[],[],./data/microeconomia/2019/Examen 2019.pdf,0,0,0,0,0,0,0,0,0,0,0,0,0,0,0,0,0,0,0,0,0,0,0,0,0,0,0,0,0,0,0,0,0,0,0,0,0,0,0,0,0,0,0,0,0
46,Practico,tarea,2019,No encontrado,[],"['Costo marginal', 'Costo medio', 'Función de costos', 'Función de producción', 'Libre disposición', 'Retornos de escala', 'Maximización de beneficios', 'Homogénea de grado 0', 'Homogénea de grado 1', 'Lema de Hotelling', 'Convexo (conjunto)', 'Eficiente (vector de producción)']",./data/microeconomia/2019/2019-05-2120192245ENECO610_Tarea2_ParteII.pdf,0,0,0,0,0,0,0,0,0,0,0,0,0,0,0,0,0,0,0,0,0,0,0,0,0,0,0,0,0,0,0,0,0,0,0,0,0,0,0,0,0,0,0,0,0
47,Teoria,solemne,No encontrado,No encontrado,[],[],./data/microeconomia/2019/Solemne 2019.pdf,0,0,0,0,0,0,0,0,0,0,0,0,0,0,0,0,0,0,0,0,0,0,0,0,0,0,0,0,0,0,0,0,0,0,0,0,0,0,0,0,0,0,0,0,0
48,Practico,examen,2023,Adriana Piazza,"['Equilibrios de Nash (EN)', 'Estrategias Dominantes y Dominadas', 'Juegos Repetidos (Finitos e Infinitos)', 'Factor de Descuento (Delta)', 'Equilibrio de Nash Perfecto en Subjuegos (ENPS)', 'Subjuegos', 'Inducción Hacia Atrás', 'Juegos Bayesianos (Información Incompleta)', 'Información Verificable vs. No Verificable']","['Equilibrio de Nash (EN)', 'Estrategias dominadas', 'Estrategia dominante', 'Inducción hacia atrás', 'Factor de descuento', 'Juego repetido', 'Dilema del prisionero', 'ENPS (Equilibrio de Nash Perfecto en Subjuegos)', 'Árbol del juego', 'Información incompleta', 'Juego Bayesiano']",./data/microeconomia/2023/Pauta Examen.pdf,0,0,0,0,0,0,1,1,0,0,0,1,1,1,1,1,0,0,0,1,0,0,1,0,0,0,0,0,0,0,0,0,0,0,0,0,0,0,0,0,0,0,0,0,0
49,Practico,solemne,2023,Adriana Piazza,"['Enfoque de Preferencias y Elección', 'Preferencias Racionales (Completitud, Transitividad)', 'Función de Utilidad (Representación de Preferencias)', 'Demanda Marshalliana', 'Función de Utilidad Indirecta', 'Problema de Minimización del Gasto (PMinG)', 'Demanda Hicksiana (Demanda Compensada)', 'Decisiones bajo Incertidumbre', 'Loterías', 'Axiomas de la Utilidad Esperada (Continuidad, Independencia)', 'Teoría de la Utilidad Esperada (von Neumann-Morgenstern)', 'Aversión al Riesgo']","['Continua (preferencia/función)', 'Completa (preferencia)', 'Preferencia racional', 'Función de utilidad', 'Demanda Marshalliana', 'Función de gasto', 'Demanda Hicksiana', 'Aversión al riesgo', 'Lotería', 'Teoría de la Utilidad Esperada', 'Teorema de Representación de von Neuman-Morgenstern', 'Cóncava (función)', 'Contraejemplo', 'Cobb-Douglas']",./data/microeconomia/2023/Solemne Pauta.pdf,0,0,0,0,0,0,0,0,0,0,0,0,0,0,0,0,0,0,0,0,0,0,0,1,0,1,0,1,0,0,0,1,1,1,1,0,0,1,1,1,1,0,1,0,0
50,Teoria,desconocido,No encontrado,No encontrado,[],[],./data/microeconomia/2023/Resumenes/resumen micro1_ parte 1.pdf,0,0,0,0,0,0,0,0,0,0,0,0,0,0,0,0,0,0,0,0,0,0,0,0,0,0,0,0,0,0,0,0,0,0,0,0,0,0,0,0,0,0,0,0,0
51,Practico,tarea,2023,Adriana Piazza,"['Juegos Repetidos (Finitos e Infinitos)', 'Equilibrios de Nash (EN)', 'Estrategias Gatillo', 'Equilibrio de Nash Perfecto en Subjuegos (ENPS)', 'Subjuegos', 'Juegos Bayesianos (Información Incompleta)', 'Representación de Juegos (Forma Extensiva y Normal)', 'Información en Juegos', 'Conjuntos de Información']","['Árbol del juego', 'ENPS (Equilibrio de Nash Perfecto en Subjuegos)', 'Equilibrio de Nash (EN)', 'Estrategia gatillo', 'Juego repetido', 'Forma extensiva', 'Conjunto de información', 'Factor de descuento']",./data/microeconomia/2023/Tareas/Tarea 4.pdf,0,0,0,1,1,1,1,0,0,0,0,1,1,0,1,0,1,0,0,1,0,0,0,0,0,0,0,0,0,0,0,0,0,0,0,0,0,0,0,0,0,0,0,0,0
52,Practico,tarea,2023,Adriana Piazza,"['Demanda Marshalliana', 'Demanda Hicksiana (Demanda Compensada)', 'Función de Utilidad', 'Función de Gasto', 'Función de Utilidad Indirecta', 'Problema de Maximización de Utilidad (PMaxU)', 'Problema de Minimización del Gasto (PMinG)', 'Preferencias Racionales (Completitud, Transitividad)', 'Propiedades Adicionales de las Preferencias (Monotonía, Convexidad, Continuidad)', 'Elección Racional', 'Conjunto Presupuestario', 'Elasticidad-precio', 'Elasticidad-renta']","['Demanda Marshalliana', 'Demanda compensada', 'Demanda Hicksiana', 'Función de gasto', 'Función de utilidad', 'Función de utilidad indirecta', 'Identidad de Roy', 'Preferencias estrictamente convexas', 'Preferencias estrictamente monótonas', 'Bien normal', 'Bien inferior', 'Ecuación de Slutsky', 'Matriz de Slutsky', 'Preferencias homotéticas', 'PMaxU (Problema de Maximización de Utilidad)', 'PMinG (Problema de Minimización del Gasto)', 'Beca (condicional)', 'Localmente no saciada (l.n.s.)', 'Función derivable', 'Agregación de Cournot', 'Agregación de Engel', 'Completa (preferencia)', 'Monótona (preferencia/función)', 'Convexa (preferencia)', 'Cuasilineales (preferencias/función de utilidad)']",./data/microeconomia/2023/Tareas/Tarea 2.pdf,0,0,0,0,0,0,0,0,0,0,0,0,0,0,0,0,0,0,0,0,0,0,0,0,1,1,1,0,0,1,1,1,1,1,1,0,0,0,0,0,0,0,0,0,0
53,Practico,tarea,2023,Adriana Piazza,"['Función de Utilidad (Representación de Preferencias)', 'Preferencias Racionales (Completitud, Transitividad)', 'Propiedades Adicionales de las Preferencias (Monotonía, Convexidad, Continuidad)', 'Problema de Maximización de Utilidad (PMaxU)', 'Conjunto Presupuestario', 'Demanda Marshalliana', 'Función de Utilidad Indirecta', 'Ley de Walras']","['Homotética (preferencia/función)', 'Función de utilidad homogénea de grado 1', 'Karush-Kuhn-Tucker (KKT)', 'Problema de Maximización de Utilidad (PMaxU)', 'Demanda Marshalliana', 'Función de utilidad indirecta', 'Función de utilidad Cobb-Douglas', 'Cóncava (función)', 'Localmente no saciada (l.n.s.)', 'Bienes normales', 'Continua (preferencia/función)', 'Completa (preferencia)', 'Transitividad (preferencia)', 'Ley de Walras', 'Semi-continua superior']",./data/microeconomia/2023/Tareas/Tarea 1.pdf,0,0,0,0,0,0,0,0,0,0,0,0,0,0,0,0,0,0,0,0,0,0,0,0,0,1,1,1,0,1,1,1,1,0,0,0,0,0,0,0,0,0,0,0,0
54,Teoria,tarea,No encontrado,No encontrado,[],[],./data/microeconomia/2023/Tareas/tarea2_negrete_quinteros(Nota_ 6.3).pdf,0,0,0,0,0,0,0,0,0,0,0,0,0,0,0,0,0,0,0,0,0,0,0,0,0,0,0,0,0,0,0,0,0,0,0,0,0,0,0,0,0,0,0,0,0
55,Teoria,tarea,No encontrado,No encontrado,[],[],./data/microeconomia/2023/Tareas/tarea4_negrete_quinteros(Nota_ 7).pdf,0,0,0,0,0,0,0,0,0,0,0,0,0,0,0,0,0,0,0,0,0,0,0,0,0,0,0,0,0,0,0,0,0,0,0,0,0,0,0,0,0,0,0,0,0
56,Practico,tarea,2023,Adriana Piazza,"['Equilibrios de Nash (EN)', 'Estrategias Mixtas', 'Estrategias Dominantes y Dominadas', 'Juegos Estáticos', 'Juegos Repetidos (Finitos e Infinitos)', 'Representación de Juegos (Forma Extensiva y Normal)']","['Equilibrio de Nash en estrategias mixtas', 'Equilibrio de Nash en estrategias puras', 'Estrategia dominante', 'Estrategias dominadas', 'Matriz de pagos', 'Juego repetido', 'Juego simultáneo', 'Juego estático', 'Dilema del prisionero', 'Duopolio', 'Competencia de Cournot', 'Forma normal', 'Forma estratégica']",./data/microeconomia/2023/Tareas/Tarea 3.pdf,0,1,0,0,0,1,1,1,1,0,0,0,0,0,1,0,0,0,0,0,0,0,0,0,0,0,0,0,0,0,0,0,0,0,0,0,0,0,0,0,0,0,0,0,0
57,Teoria,tarea,No encontrado,No encontrado,[],[],"./data/microeconomia/2023/Tareas/tarea_1_negrete_quinteros (Nota_ 6,8).pdf",0,0,0,0,0,0,0,0,0,0,0,0,0,0,0,0,0,0,0,0,0,0,0,0,0,0,0,0,0,0,0,0,0,0,0,0,0,0,0,0,0,0,0,0,0
58,Practico,ayudantia,No encontrado,Adriana Piazza,[],"['Lema de Shepard', 'Identidad de Roy', 'Conjunto convexo', 'free disposal', 'retornos constantes a escala', 'homogénea de grado 1', 'Aditividad', 'cono convexo']",./data/microeconomia/2023/Ayudantias/A3.pdf,0,0,0,0,0,0,0,0,0,0,0,0,0,0,0,0,0,0,0,0,0,0,0,0,0,0,0,0,0,0,0,0,0,0,0,0,0,0,0,0,0,0,0,0,0
59,Teoria,ayudantia,No encontrado,No encontrado,"['Representación de Juegos (Forma Extensiva y Normal)', 'Equilibrios de Nash (EN)', 'Estrategias Dominantes y Dominadas']","['Equilibrio de Nash (EN)', 'Estrategia dominante', 'Estrategias dominadas', 'Dilema del prisionero', 'Forma normal', 'Matriz de pagos']",./data/microeconomia/2023/Ayudantias/Pauta_Pregunta_4_A7.pdf,0,0,0,0,0,1,1,1,0,0,0,0,0,0,0,0,0,0,0,0,0,0,0,0,0,0,0,0,0,0,0,0,0,0,0,0,0,0,0,0,0,0,0,0,0
60,Practico,ayudantia,No encontrado,Adriana Piazza,"['Juegos Repetidos (Finitos e Infinitos)', 'Factor de Descuento (Delta)', 'Estrategias Gatillo', 'Equilibrios de Nash (EN)', 'Equilibrio de Nash Perfecto en Subjuegos (ENPS)', 'Subjuegos', 'Inducción Hacia Atrás', 'Estrategias Iterativamente Dominadas']","['Estrategia gatillo', 'Factor de descuento', 'ENPS (Equilibrio de Nash Perfecto en Subjuegos)', 'Equilibrio de Nash (EN)', 'Juego repetido', 'Cooperación', 'Acuerdo colusivo']",./data/microeconomia/2023/Ayudantias/A10.pdf,0,0,0,0,0,0,1,0,0,0,1,1,1,1,1,1,1,0,0,0,0,0,0,0,0,0,0,0,0,0,0,0,0,0,0,0,0,0,0,0,0,0,0,0,0
61,Practico,ayudantia,No encontrado,Adriana Piazza,"['Equilibrios de Nash (EN)', 'Estrategias Dominantes y Dominadas']","['Estrategia dominante', 'Equilibrio de Nash (EN)', 'Estrategias dominadas', 'Cooperación']",./data/microeconomia/2023/Ayudantias/A7.pdf,0,0,0,0,0,0,1,1,0,0,0,0,0,0,0,0,0,0,0,0,0,0,0,0,0,0,0,0,0,0,0,0,0,0,0,0,0,0,0,0,0,0,0,0,0
62,Practico,ayudantia,No encontrado,Adriana Piazza,"['Demanda Marshalliana', 'Preferencias Racionales', 'Loterías', 'Aversión al Riesgo', 'Función de Utilidad']","['Demanda Marshalliana', 'Preferencia racional', 'Función de Utilidad', 'Lotería', 'Aversión al riesgo', 'Aversió absoluta al riesgo decreciente', 'Precio mínimo', 'Precio máximo']",./data/microeconomia/2023/Ayudantias/A6_Repaso.pdf,0,0,0,0,0,0,0,0,0,0,0,0,0,0,0,0,0,0,0,0,0,0,0,0,0,0,0,0,0,0,0,1,0,0,0,0,0,0,1,0,0,0,1,0,0
63,Practico,ayudantia,No encontrado,Adriana Piazza,"['Teoría de la Utilidad Esperada (von Neumann-Morgenstern)', 'Aversión al Riesgo', 'Medición de la Aversión al Riesgo (Coeficientes Arrow-Pratt)']","['Aversión absoluta al riesgo', 'Aversión relativa al riesgo', 'Equivalente cierto', 'Premio por riesgo', 'Función de utilidad', 'Función de Utilidad Bernoulli']",./data/microeconomia/2023/Ayudantias/A5.pdf,0,0,0,0,0,0,0,0,0,0,0,0,0,0,0,0,0,0,0,0,0,0,0,0,0,0,0,0,0,0,0,0,0,0,0,0,0,0,0,0,1,0,1,1,0
64,Practico,ayudantia,No encontrado,Adriana Piazza,"['Función de Utilidad Indirecta', 'Función de Gasto', 'Demanda Marshalliana', 'Problema de Maximización de Utilidad (PMaxU)', 'Problema de Minimización del Gasto (PMinG)', 'Demanda Hicksiana (Demanda Compensada)', 'Preferencias Racionales (Completitud, Transitividad)', 'Localmente no saciada (l.n.s.)', 'Monotonía', 'Convexidad']","['Función de utilidad', 'Función de gasto', 'Demanda Marshalliana', 'Problema de Maximización de Utilidad (PMaxU)', 'Problema de Minimización del Gasto (PMinG)', 'Demanda Hicksiana', 'Convexidad', 'Monotonicidad', 'Homogeneidad de grado -1', 'Cuasiconvexa', 'Bienes normales', 'Bienes superiores']",./data/microeconomia/2023/Ayudantias/A2.pdf,0,0,0,0,0,0,0,0,0,0,0,0,0,0,0,0,0,0,0,0,0,0,0,0,0,1,0,0,0,1,0,1,1,1,1,0,0,0,0,0,0,0,0,0,0
65,Practico,ayudantia,No encontrado,Adriana Piazza,[],"['Costo promedio (AC)', 'Convexo (conjunto)', 'Convexa (función)', 'Maximización de beneficios', 'Débilmente eficiente', 'Conjunto de posibilidades de producción (Y)', 'Precios']",./data/microeconomia/2023/Ayudantias/A4.pdf,0,0,0,0,0,0,0,0,0,0,0,0,0,0,0,0,0,0,0,0,0,0,0,0,0,0,0,0,0,0,0,0,0,0,0,0,0,0,0,0,0,0,0,0,0
66,Practico,ayudantia,No encontrado,Adriana Piazza,"['Preferencias Racionales (Completitud, Transitividad)', 'Propiedades Adicionales de las Preferencias (Monotonía, Convexidad, Continuidad)', 'Función de Utilidad (Representación de Preferencias)', 'Enfoque de Preferencias y Elección', 'Elección Racional']","['Preferencia completa', 'Preferencia continua', 'Preferencia monótona', 'Preferencia racional', 'Función de utilidad', 'Función de utilidad continua', 'Convexa (preferencia)', 'Débilmente monótona', 'Localmente no saciada (l.n.s.)', 'Continuidad (preferencia/función)', 'Problema de elección del consumidor']",./data/microeconomia/2023/Ayudantias/A1.pdf,0,0,0,0,0,0,0,0,0,0,0,0,0,0,0,0,0,0,0,0,0,0,0,1,1,1,1,1,0,0,0,0,0,0,0,0,0,0,0,0,0,0,0,0,0
67,Practico,ayudantia,No encontrado,Adriana Piazza,"['Equilibrios de Nash (EN)', 'Equilibrio de Nash Perfecto en Subjuegos (ENPS)', 'Subjuegos', 'Juegos Repetidos (Finitos e Infinitos)', 'Representación de Juegos (Forma Extensiva y Normal)']","['Equilibrio de Nash (EN)', 'Equilibrio de Nash perfectos en subjuegos', 'Equilibrios de Nash en estrategias puras', 'ENPS (Equilibrio de Nash Perfecto en Subjuegos)', 'Forma extensiva', 'Forma normal', 'Árbol del juego', 'Juego repetido']",./data/microeconomia/2023/Ayudantias/A9.pdf,0,0,0,0,0,1,1,0,0,0,0,1,1,0,1,0,0,0,0,0,0,0,0,0,0,0,0,0,0,0,0,0,0,0,0,0,0,0,0,0,0,0,0,0,0
68,Practico,ayudantia,No encontrado,Adriana Piazza,"['Equilibrios de Nash (EN)', 'Equilibrio de Nash Perfecto en Subjuegos (ENPS)', 'Subjuegos', 'Juegos Estáticos', 'Representación de Juegos (Forma Extensiva y Normal)']","['Equilibrio de Nash (EN)', 'Equilibrio de Nash en estrategias puras', 'Equilibrio Perfecto en Subjuegos (EPS)', 'Forma extensiva', 'Forma normal', 'Subjuego', 'ENPS (Equilibrio de Nash Perfecto en Subjuegos)', 'Juego estático']",./data/microeconomia/2023/Ayudantias/A8.pdf,0,1,0,0,0,1,1,0,0,0,0,1,1,0,0,0,0,0,0,0,0,0,0,0,0,0,0,0,0,0,0,0,0,0,0,0,0,0,0,0,0,0,0,0,0
69,Practico,tarea,2020,Felipe Avilés,"['Enfoque de Preferencias y Elección', 'Elección Racional', 'Preferencias Racionales (Completitud, Transitividad)', 'Función de Utilidad (Representación de Preferencias)', 'Conjunto Presupuestario', 'Demanda Marshalliana', 'Función de Utilidad Indirecta', 'Problema de Minimización del Gasto (PMinG)', 'Demanda Hicksiana (Demanda Compensada)', 'Relación entre Demandas Marshalliana y Hicksiana (Ecuación de Slutsky)', 'Evaluación de Cambios en el Bienestar (VC, VE, EC)']","['Conjunto presupuestario (B)', 'Demanda Marshalliana', 'Demanda Hicksiana', 'Ecuación de Slutsky', 'Función de utilidad', 'Completa (preferencia)', 'Transitividad (preferencia)', 'Convexa (preferencia)', 'Convexo (conjunto)', 'Homotética (preferencia/función)', 'Ley de Walras']",./data/microeconomia/2020/Tarea_1_Microeconomia.pdf,0,0,0,0,0,0,0,0,0,0,0,0,0,0,0,0,0,0,0,0,0,0,0,1,1,1,0,1,0,0,1,1,1,1,1,1,1,0,0,0,0,0,0,0,0
70,Practico,solemne,2022,Adriana Piazza,"['Enfoque de Preferencias y Elección', 'Elección Racional', 'Preferencias Racionales (Completitud, Transitividad)', 'Función de Utilidad (Representación de Preferencias)', 'Demanda Marshalliana', 'Función de Utilidad Indirecta', 'Evaluación de Cambios en el Bienestar (VC, VE, EC)', 'Rendimientos constantes a escala']","['Conjunto presupuestario (B)', 'Demanda Marshalliana', 'Función de Utilidad', 'Preferencias Racionales (Completitud, Transitividad)', 'Monótona (preferencia/función)', 'Estrictamente convexa (preferencia)', 'Localmente no saciada (l.n.s.)', 'Función de gasto', 'Demanda Hicksiana', 'Variación equivalente (VE)', 'Rendimientos constantes a escala', 'Convexo (conjunto)', 'Función de producción', 'Aversió al riesgo', 'Equivalente cierto', 'Solemne']",./data/microeconomia/2022/Pauta solemne.pdf,0,0,0,0,0,0,0,0,0,0,0,0,0,0,0,0,0,0,0,0,0,0,0,1,1,1,0,1,0,0,0,1,1,0,0,0,1,0,0,0,0,0,0,0,0
71,Practico,examen,2022,Adriana Piazza,"['Teoría de Juegos: Conceptos Fundamentales', 'Juegos Estáticos', 'Juegos Secuenciales', 'Representación de Juegos (Forma Extensiva y Normal)', 'Equilibrios de Nash (EN)', 'Estrategias Dominantes y Dominadas', 'Estrategias Mixtas', 'Equilibrio de Nash Mixto', 'Equilibrio de Nash Perfecto en Subjuegos (ENPS)', 'Subjuegos', 'Inducción Hacia Atrás', 'Juegos Repetidos (Finitos e Infinitos)', 'Estrategias Gatillo', 'Juegos Bayesianos (Información Incompleta)', 'Tipos y Creencias de Jugadores', 'Equilibrio de Nash Bayesiano']","['Árbol del juego', 'Equilibrio de Nash (EN)', 'Equilibrio de Nash en estrategias mixtas', 'Equilibrio de Nash Perfecto en Subjuegos (ENPS)', 'Estrategia dominante', 'Estrategias dominadas', 'Estrategia gatillo', 'Estrategia mixta', 'Estrategia pura', 'Forma extensiva', 'Forma normal', 'Juego Bayesiano', 'Juego de información incompleta', 'Juego repetido', 'Juego secuencial', 'Juego simultáneo', 'Inducción hacia atrás', 'Matriz de pagos', 'Subjuego']",./data/microeconomia/2022/Examen Micro 2022-1 Pauta.pdf,1,1,1,0,0,1,1,1,1,1,0,1,1,1,1,0,1,0,0,1,1,1,0,0,0,0,0,0,0,0,0,0,0,0,0,0,0,0,0,0,0,0,0,0,0
72,Practico,ayudantia,2022,Adriana Piazza,"['Juegos Secuenciales', 'Representación de Juegos (Forma Extensiva y Normal)', 'Equilibrios de Nash (EN)', 'Equilibrio de Nash Perfecto en Subjuegos (ENPS)', 'Subjuegos', 'Información en Juegos', 'Información completa e imperfecta']","['Árbol del juego', 'Equilibrio de Nash (EN)', 'Equilibrio de Nash en estrategias puras', 'ENPS (Equilibrio de Nash Perfecto en Subjuegos)', 'Forma extensiva', 'Forma normal', 'Juego dinámico', 'Juego simultáneo', 'Subjuego']",./data/microeconomia/2022/Ayudantías/A7 Pauta.pdf,0,0,1,1,0,1,1,0,0,0,0,1,1,0,0,0,0,0,0,0,0,0,0,0,0,0,0,0,0,0,0,0,0,0,0,0,0,0,0,0,0,0,0,0,0
73,Practico,ayudantia,2022,Adriana Piazza,"['Enfoque de Preferencias y Elección', 'Elección Racional', 'Preferencias Racionales (Completitud, Transitividad)', 'Función de Utilidad (Representación de Preferencias)', 'Demanda Marshalliana', 'Conjunto Presupuestario']","['Preferencia completa', 'Preferencia racional', 'Función de utilidad', 'Demanda Marshalliana', 'Conjunto presupuestario', 'Localmente no saciada (l.n.s.)', 'Monótona (preferencia/función)', 'Cobb-Douglas', 'Descuento por volumen']",./data/microeconomia/2022/Ayudantías/A1 Pauta.pdf,0,0,0,0,0,0,0,0,0,0,0,0,0,0,0,0,0,0,0,0,0,0,0,1,1,1,0,1,0,0,1,1,0,0,0,0,0,0,0,0,0,0,0,0,0
74,Practico,ayudantia,2022,Adriana Piazza,"['Función de gasto', 'Demanda Hicksiana (Demanda Compensada)', 'Problema de Minimización del Gasto (PMinG)', 'Conjunto presupuestario', 'Preferencias Racionales (Completitud, Transitividad)', 'Propiedades Adicionales de las Preferencias (Monotonía, Convexidad, Continuidad)', 'Función de Utilidad (Representación de Preferencias)', 'Evaluación de Cambios en el Bienestar (VC, VE, EC)', 'Bien inferior']","['Función de gasto', 'Conjunto convexo', 'singleton', 'Lema de Shepard', 'Identidad de Roy', 'Función de utilidad', 'renta', 'precios', 'Variación compensatoria (VC)', 'Variación equivalente (VE)', 'Bien inferior', 'free disposal', 'Conjunto convexo', 'Conjunto cerrado']",./data/microeconomia/2022/Ayudantías/A3 Enunciado.pdf,0,0,0,0,0,0,0,0,0,0,0,0,0,0,0,0,0,0,0,0,0,0,0,0,0,1,1,1,0,0,0,0,0,1,1,0,1,0,0,0,0,0,0,0,0
75,Practico,ayudantia,2022,Adriana Piazza,"['Función de Utilidad (Representación de Preferencias)', 'Demanda Marshalliana', 'Demanda Hicksiana (Demanda Compensada)', 'Relación entre Demandas Marshalliana y Hicksiana (Ecuación de Slutsky)', 'Evaluación de Cambios en el Bienestar (VC, VE, EC)', 'Decisiones bajo Incertidumbre', 'Loterías', 'Aversión al Riesgo']","['Función de utilidad', 'Demanda Marshalliana', 'Demanda Hicksiana', 'Ecuación de Slutsky', 'Lotería', 'Aversión al riesgo', 'Función de utilidad indirecta', 'Cuasiconvexa', 'Homogeneidad de grado -1', 'Curva de Engel', 'Matriz de Slutsky', 'Función de utilidad Bernoulli', 'Función de utilidad cuadrática', 'Convexo (conjunto)', 'Rendimientos constantes a escala']",./data/microeconomia/2022/Ayudantías/A5 Enunciado.pdf,0,0,0,0,0,0,0,0,0,0,0,0,0,0,0,0,0,0,0,0,0,0,0,0,0,0,0,1,0,0,0,1,0,0,1,1,1,1,1,0,0,0,1,0,0
76,Practico,ayudantia,2022,Adriana Piazza,"['Equilibrios de Nash (EN)', 'Estrategias Dominantes y Dominadas', 'Estrategias Mixtas', 'Equilibrio de Nash Mixto']","['Equilibrio de Nash (EN)', 'Estrategias dominadas', 'Estrategia mixta', 'Juego simultáneo', 'Matriz de pagos']",./data/microeconomia/2022/Ayudantías/A6 Pauta.pdf,0,0,0,0,0,0,1,1,1,1,0,0,0,0,0,0,0,0,0,0,0,0,0,0,0,0,0,0,0,0,0,0,0,0,0,0,0,0,0,0,0,0,0,0,0
77,Practico,ayudantia,2022,Adriana Piazza,"['Función de Utilidad (Representación de Preferencias)', 'Demanda Marshalliana', 'Función de Utilidad Indirecta', 'Problema de Minimización del Gasto (PMinG)', 'Demanda Hicksiana (Demanda Compensada)', 'Relación entre Demandas Marshalliana y Hicksiana (Ecuación de Slutsky)', 'Función de gasto', 'Elección Racional', 'Preferencias Racionales (Completitud, Transitividad)', 'Propiedades Adicionales de las Preferencias (Monotonía, Convexidad, Continuidad)']","['Función de utilidad', 'Demanda Marshalliana', 'Demanda Hicksiana', 'Función de utilidad indirecta', 'Función de gasto', 'Ecuación de Slutsky', 'Convexidad', 'Monotonicidad', 'Lema de Shepard', 'Homogénea de grado 1', 'Cóncava en precios (función de gasto)', 'Continua (preferencia/función)', 'Convexa (preferencia)', 'Localmente no saciada (l.n.s.)', 'Racional (preferencia)', 'Matriz de Slutsky', 'Semi-definida negativa', 'Simétrica (matriz)', 'Conjunto presupuestario (B)']",./data/microeconomia/2022/Ayudantías/A2 Pauta.pdf,0,0,0,0,0,0,0,0,0,0,0,0,0,0,0,0,0,0,0,0,0,0,0,0,1,1,1,1,0,0,0,1,1,1,1,1,0,0,0,0,0,0,0,0,0
78,Practico,ayudantia,2022,Adriana Piazza,[],"['Conjunto de producción (Y)', 'Convexa (función)', 'Convexo (conjunto)', 'Minimización de costos', 'Función de costos', 'Función de producción', 'Demanda condicional', 'Leontief', 'Costo promedio (AC)', 'Costo marginal']",./data/microeconomia/2022/Ayudantías/A4 Pauta.pdf,0,0,0,0,0,0,0,0,0,0,0,0,0,0,0,0,0,0,0,0,0,0,0,0,0,0,0,0,0,0,0,0,0,0,0,0,0,0,0,0,0,0,0,0,0
79,Practico,tarea,2022,Adriana Piazza,"['Enfoque de Preferencias y Elección', 'Preferencias Racionales (Completitud, Transitividad)', 'Propiedades Adicionales de las Preferencias (Monotonía, Convexidad, Continuidad)', 'Función de Utilidad (Representación de Preferencias)', 'Problema de Maximización de Utilidad (PMaxU)', 'Conjunto Presupuestario', 'Demanda Marshalliana', 'Función de Utilidad Indirecta']","['Convexa (preferencia)', 'Monótona (preferencia/función)', 'Homotética (preferencia/función)', 'Continua (preferencia/función)', 'Problema de elección del consumidor', 'Demanda Marshalliana', 'Función de Utilidad Indirecta', 'Conjunto Presupuestario']",./data/microeconomia/2022/Tareas (Enunciados)/Tarea 1 MicroI 2022-1.pdf,0,0,0,0,0,0,0,0,0,0,0,0,0,0,0,0,0,0,0,0,0,0,0,1,0,1,1,1,0,1,1,1,1,0,0,0,0,0,0,0,0,0,0,0,0
80,Practico,tarea,2022,Adriana Piazza,"['Juegos Repetidos (Finitos e Infinitos)', 'Equilibrios de Nash (EN)', 'Equilibrio de Nash Perfecto en Subjuegos (ENPS)', 'Subjuegos', 'Representación de Juegos (Forma Extensiva y Normal)']","['Árbol del juego', 'ENPS (Equilibrio de Nash Perfecto en Subjuegos)', 'Equilibrio de Nash en estrategias puras', 'Juego repetido', 'Forma extensiva', 'Forma normal']",./data/microeconomia/2022/Tareas (Enunciados)/Tarea 4 MicroI 2022.pdf,0,0,0,0,0,1,1,0,0,0,0,1,1,0,1,0,0,0,0,0,0,0,0,0,0,0,0,0,0,0,0,0,0,0,0,0,0,0,0,0,0,0,0,0,0
81,Practico,tarea,2022,Adriana Piazza,"['Equilibrios de Nash (EN)', 'Estrategias Mixtas', 'Equilibrio de Nash Mixto', 'Juegos Repetidos (Finitos e Infinitos)', 'Juegos Bayesianos (Información Incompleta)', 'Tipos y Creencias de Jugadores', 'Equilibrio de Nash Bayesiano']","['Equilibrio de Nash (EN)', 'Estrategia mixta', 'Equilibrio de Nash en estrategias mixtas', 'Juego repetido', 'Juego Bayesiano', 'Dilema del prisionero', 'Juego de localización de Hotelling', 'Estrategia dominante', 'Estrategias dominadas', 'Matriz de pagos', 'One-shot deviation principle']",./data/microeconomia/2022/Tareas (Enunciados)/Tarea 3 MicroI 2022.pdf,0,0,0,0,0,0,1,0,1,1,0,0,0,0,1,0,0,0,0,1,1,1,0,0,0,0,0,0,0,0,0,0,0,0,0,0,0,0,0,0,0,0,0,0,0
82,Practico,tarea,2022,Adriana Piazza,"['Demanda Marshalliana', 'Elasticidad-precio', 'Elasticidad-renta', 'Función de Utilidad', 'Preferencias Racionales', 'Problema de Maximización de Utilidad', 'Conjunto Presupuestario', 'Matriz de Slutsky', 'Bienes complementarios', 'Bienes sustitutos']","['Demanda Marshalliana', 'Función derivable', 'Fórmula de Euler', 'Agregación de Cournot', 'Agregación de Engel', 'Elasticidad-precio', 'Elasticidad-renta', 'Preferencias cuasilineales', 'Matriz de sustitución de Slutsky', 'Semi-definida negativa', 'Simétrica (matriz)', 'Bienes complementarios', 'Bienes sustitutos', 'Función de utilidad continua', 'Estrictamente convexa', 'Homogénea de grado 1', 'Localmente no saciada (l.n.s.)', 'Demanda Marshalliana', 'Función de utilidad indirecta', 'Bien normal', 'Bien inferior', 'Preferencias homotéticas', 'Punto de no diferenciabilidad', 'Beca (condicional)']",./data/microeconomia/2022/Tareas (Enunciados)/Tarea 2 MicroI 2022.pdf,0,0,0,0,0,0,0,0,0,0,0,0,0,0,0,0,0,0,0,0,0,0,0,0,0,0,0,0,0,0,1,1,0,0,0,0,0,0,0,0,0,0,0,0,0
